fecha,valor,completo_mediciones,completo_umbral
2020/01/01,3.90,100.0,100.0
2020/01/02,0.20,100.0,100.0
2020/01/03,0.70,100.0,100.0
2020/01/04,0.00,100.0,100.0
2020/01/05,0.00,100.0,100.0
2020/01/06,1.10,100.0,100.0
2020/01/07,0.10,100.0,100.0
2020/01/08,0.00,100.0,100.0
2020/01/09,0.00,100.0,100.0
2020/01/10,0.00,100.0,100.0
2020/01/11,0.50,100.0,100.0
2020/01/12,1.00,100.0,100.0
2020/01/13,1.70,100.0,100.0
2020/01/14,0.00,100.0,100.0
2020/01/15,0.00,100.0,100.0
2020/01/16,0.00,100.0,100.0
2020/01/17,4.30,100.0,100.0
2020/01/18,2.40,100.0,100.0
2020/01/19,1.50,100.0,100.0
2020/01/20,3.20,100.0,100.0
2020/01/21,35.70,100.0,100.0
2020/01/22,0.00,100.0,100.0
2020/01/23,0.60,99.7,100.0
2020/01/24,17.20,100.0,100.0
2020/01/25,5.50,100.0,100.0
2020/01/26,1.60,100.0,100.0
2020/01/27,1.30,100.0,100.0
2020/01/28,0.00,100.0,100.0
2020/01/29,0.00,100.0,100.0
2020/01/30,0.10,100.0,100.0
2020/01/31,0.00,100.0,100.0
2020/02/01,4.90,100.0,100.0
2020/02/02,0.30,100.0,100.0
2020/02/03,0.00,100.0,100.0
2020/02/04,0.00,100.0,100.0
2020/02/05,0.00,100.0,100.0
2020/02/06,0.00,100.0,100.0
2020/02/07,0.00,100.0,100.0
2020/02/08,3.80,100.0,100.0
2020/02/09,0.10,100.0,100.0
2020/02/10,0.00,100.0,100.0
2020/02/11,0.00,100.0,100.0
2020/02/12,0.00,100.0,100.0
2020/02/13,0.00,100.0,100.0
2020/02/14,0.00,100.0,100.0
2020/02/15,0.00,100.0,100.0
2020/02/16,0.00,100.0,100.0
2020/02/17,1.10,100.0,100.0
2020/02/18,1.10,100.0,100.0
2020/02/19,0.80,100.0,100.0
2020/02/20,0.20,100.0,100.0
2020/02/21,4.80,100.0,100.0
2020/02/22,10.40,100.0,100.0
2020/02/23,0.00,100.0,100.0
2020/02/24,13.40,100.0,100.0
2020/02/25,0.50,100.0,100.0
2020/02/26,6.80,100.0,100.0
2020/02/27,8.30,100.0,100.0
2020/02/28,7.20,100.0,100.0
2020/02/29,0.00,100.0,100.0
2020/03/01,0.80,100.0,100.0
2020/03/02,0.00,100.0,100.0
2020/03/03,1.10,100.0,100.0
2020/03/04,0.80,100.0,100.0
2020/03/05,2.60,100.0,100.0
2020/03/06,0.30,100.0,100.0
2020/03/07,1.40,100.0,100.0
2020/03/08,0.60,100.0,100.0
2020/03/09,0.00,100.0,100.0
2020/03/10,0.00,100.0,100.0
2020/03/11,0.00,100.0,100.0
2020/03/12,0.00,100.0,100.0
2020/03/13,0.20,100.0,100.0
2020/03/14,0.20,100.0,100.0
2020/03/15,0.00,100.0,100.0
2020/03/16,0.10,100.0,100.0
2020/03/17,4.90,100.0,100.0
2020/03/18,0.00,100.0,100.0
2020/03/19,0.00,100.0,100.0
2020/03/20,0.00,100.0,100.0
2020/03/21,0.00,100.0,100.0
2020/03/22,0.00,100.0,100.0
2020/03/23,0.00,100.0,100.0
2020/03/24,0.00,100.0,100.0
2020/03/25,0.00,100.0,100.0
2020/03/26,0.00,100.0,100.0
2020/03/27,0.00,100.0,100.0
2020/03/28,1.50,100.0,100.0
2020/03/29,0.10,100.0,100.0
2020/03/30,10.50,100.0,100.0
2020/03/31,6.60,100.0,100.0
2020/04/01,3.80,100.0,100.0
2020/04/02,2.10,100.0,100.0
2020/04/03,1.50,100.0,100.0
2020/04/04,0.00,100.0,100.0
2020/04/05,0.00,100.0,100.0
2020/04/06,6.40,100.0,100.0
2020/04/07,4.20,100.0,100.0
2020/04/08,0.20,100.0,100.0
2020/04/09,1.50,100.0,100.0
2020/04/10,0.00,100.0,100.0
2020/04/11,3.20,100.0,100.0
2020/04/12,0.00,100.0,100.0
2020/04/13,0.00,100.0,100.0
2020/04/14,2.00,100.0,100.0
2020/04/15,22.20,100.0,100.0
2020/04/16,1.30,100.0,100.0
2020/04/17,0.00,100.0,100.0
2020/04/18,0.30,100.0,100.0
2020/04/19,0.50,100.0,100.0
2020/04/20,0.00,100.0,100.0
2020/04/21,0.00,100.0,100.0
2020/04/22,0.00,100.0,100.0
2020/04/23,0.50,100.0,100.0
2020/04/24,0.40,100.0,100.0
2020/04/25,0.10,100.0,100.0
2020/04/26,0.00,100.0,100.0
2020/04/27,0.00,100.0,100.0
2020/04/28,0.20,100.0,100.0
2020/04/29,0.00,100.0,100.0
2020/04/30,0.00,100.0,100.0
2020/05/01,23.20,100.0,100.0
2020/05/02,2.20,100.0,100.0
2020/05/03,3.00,100.0,100.0
2020/05/04,2.00,100.0,100.0
2020/05/05,,47.9,45.8
2020/05/06,,,
2020/05/07,,,
2020/05/08,,,
2020/05/09,,,
2020/05/10,,,
2020/05/11,,,
2020/05/12,,,
2020/05/13,,,
2020/05/14,,,
2020/05/15,,,
2020/05/16,,,
2020/05/17,,,
2020/05/18,,,
2020/05/19,,,
2020/05/20,,,
2020/05/21,,,
2020/05/22,,,
2020/05/23,,,
2020/05/24,,,
2020/05/25,,,
2020/05/26,,,
2020/05/27,,,
2020/05/28,,,
2020/05/29,,,
2020/05/30,,,
2020/05/31,,,
2020/06/01,,,
2020/06/02,,,
2020/06/03,,54.9,54.2
2020/06/04,0.00,100.0,100.0
2020/06/05,5.20,100.0,100.0
2020/06/06,0.00,100.0,100.0
2020/06/07,0.60,100.0,100.0
2020/06/08,0.00,100.0,100.0
2020/06/09,0.00,100.0,100.0
2020/06/10,0.00,100.0,100.0
2020/06/11,0.00,100.0,100.0
2020/06/12,2.00,100.0,100.0
2020/06/13,6.10,100.0,100.0
2020/06/14,16.10,100.0,100.0
2020/06/15,7.00,100.0,100.0
2020/06/16,11.60,100.0,100.0
2020/06/17,9.40,100.0,100.0
2020/06/18,10.40,100.0,100.0
2020/06/19,16.70,100.0,100.0
2020/06/20,16.10,100.0,100.0
2020/06/21,23.00,100.0,100.0
2020/06/22,3.00,100.0,100.0
2020/06/23,2.40,100.0,100.0
2020/06/24,0.00,100.0,100.0
2020/06/25,1.80,100.0,100.0
2020/06/26,4.10,100.0,100.0
2020/06/27,3.70,100.0,100.0
2020/06/28,1.00,100.0,100.0
2020/06/29,1.20,100.0,100.0
2020/06/30,1.20,100.0,100.0
2020/07/01,1.10,100.0,100.0
2020/07/02,5.90,100.0,100.0
2020/07/03,1.80,100.0,100.0
2020/07/04,4.40,100.0,100.0
2020/07/05,0.40,100.0,100.0
2020/07/06,3.10,100.0,100.0
2020/07/07,0.60,100.0,100.0
2020/07/08,2.00,100.0,100.0
2020/07/09,0.50,100.0,100.0
2020/07/10,0.90,100.0,100.0
2020/07/11,4.30,100.0,100.0
2020/07/12,1.00,100.0,100.0
2020/07/13,9.60,100.0,100.0
2020/07/14,22.60,100.0,100.0
2020/07/15,25.80,100.0,100.0
2020/07/16,1.30,100.0,100.0
2020/07/17,0.20,100.0,100.0
2020/07/18,4.10,100.0,100.0
2020/07/19,6.70,100.0,100.0
2020/07/20,10.50,100.0,100.0
2020/07/21,6.50,100.0,100.0
2020/07/22,1.40,100.0,100.0
2020/07/23,0.90,100.0,100.0
2020/07/24,1.50,100.0,100.0
2020/07/25,0.20,100.0,100.0
2020/07/26,5.00,100.0,100.0
2020/07/27,4.40,100.0,100.0
2020/07/28,2.10,100.0,100.0
2020/07/29,4.80,100.0,100.0
2020/07/30,4.20,100.0,100.0
2020/07/31,6.70,100.0,100.0
2020/08/01,4.80,100.0,100.0
2020/08/02,0.00,100.0,100.0
2020/08/03,0.00,100.0,100.0
2020/08/04,0.00,100.0,100.0
2020/08/05,1.20,100.0,100.0
2020/08/06,1.50,100.0,100.0
2020/08/07,1.50,100.0,100.0
2020/08/08,0.40,100.0,100.0
2020/08/09,0.00,100.0,100.0
2020/08/10,0.00,100.0,100.0
2020/08/11,0.00,100.0,100.0
2020/08/12,0.80,100.0,100.0
2020/08/13,2.40,100.0,100.0
2020/08/14,12.20,100.0,100.0
2020/08/15,1.40,100.0,100.0
2020/08/16,0.10,100.0,100.0
2020/08/17,0.00,100.0,100.0
2020/08/18,0.30,100.0,100.0
2020/08/19,0.70,100.0,100.0
2020/08/20,5.00,100.0,100.0
2020/08/21,15.70,100.0,100.0
2020/08/22,0.00,100.0,100.0
2020/08/23,0.00,100.0,100.0
2020/08/24,0.00,100.0,100.0
2020/08/25,0.00,100.0,100.0
2020/08/26,0.00,100.0,100.0
2020/08/27,0.40,100.0,100.0
2020/08/28,4.00,100.0,100.0
2020/08/29,0.10,100.0,100.0
2020/08/30,0.00,100.0,100.0
2020/08/31,0.00,100.0,100.0
2020/09/01,10.80,100.0,100.0
2020/09/02,0.00,100.0,100.0
2020/09/03,0.40,100.0,100.0
2020/09/04,14.20,100.0,100.0
2020/09/05,12.30,100.0,100.0
2020/09/06,3.30,100.0,100.0
2020/09/07,2.10,100.0,100.0
2020/09/08,1.90,100.0,100.0
2020/09/09,0.60,100.0,100.0
2020/09/10,0.20,100.0,100.0
2020/09/11,0.00,100.0,100.0
2020/09/12,0.00,100.0,100.0
2020/09/13,4.20,100.0,100.0
2020/09/14,2.50,100.0,100.0
2020/09/15,2.30,99.7,100.0
2020/09/16,0.50,100.0,100.0
2020/09/17,0.30,100.0,100.0
2020/09/18,3.10,100.0,100.0
2020/09/19,3.00,100.0,100.0
2020/09/20,0.30,100.0,100.0
2020/09/21,0.10,100.0,100.0
2020/09/22,0.90,100.0,100.0
2020/09/23,4.30,100.0,100.0
2020/09/24,9.70,100.0,100.0
2020/09/25,9.10,100.0,100.0
2020/09/26,0.10,100.0,100.0
2020/09/27,9.70,100.0,100.0
2020/09/28,2.00,100.0,100.0
2020/09/29,4.70,100.0,100.0
2020/09/30,1.70,100.0,100.0
2020/10/01,0.00,100.0,100.0
2020/10/02,0.10,100.0,100.0
2020/10/03,2.10,100.0,100.0
2020/10/04,3.90,100.0,100.0
2020/10/05,0.40,100.0,100.0
2020/10/06,0.20,100.0,100.0
2020/10/07,7.60,100.0,100.0
2020/10/08,7.40,100.0,100.0
2020/10/09,1.40,100.0,100.0
2020/10/10,0.20,100.0,100.0
2020/10/11,1.20,100.0,100.0
2020/10/12,5.90,100.0,100.0
2020/10/13,1.10,100.0,100.0
2020/10/14,0.30,100.0,100.0
2020/10/15,0.30,100.0,100.0
2020/10/16,6.10,100.0,100.0
2020/10/17,1.10,100.0,100.0
2020/10/18,0.00,100.0,100.0
2020/10/19,0.00,100.0,100.0
2020/10/20,1.30,100.0,100.0
2020/10/21,2.30,100.0,100.0
2020/10/22,2.80,100.0,100.0
2020/10/23,0.00,100.0,100.0
2020/10/24,0.70,100.0,100.0
2020/10/25,0.00,100.0,100.0
2020/10/26,2.00,100.0,100.0
2020/10/27,0.10,100.0,100.0
2020/10/28,0.00,100.0,100.0
2020/10/29,0.50,100.0,100.0
2020/10/30,0.80,100.0,100.0
2020/10/31,0.00,100.0,100.0
2020/11/01,0.00,100.0,100.0
2020/11/02,0.00,100.0,100.0
2020/11/03,0.00,100.0,100.0
2020/11/04,0.00,100.0,100.0
2020/11/05,2.40,100.0,100.0
2020/11/06,0.10,100.0,100.0
2020/11/07,0.00,100.0,100.0
2020/11/08,0.00,100.0,100.0
2020/11/09,0.00,100.0,100.0
2020/11/10,0.90,100.0,100.0
2020/11/11,0.10,100.0,100.0
2020/11/12,13.60,100.0,100.0
2020/11/13,1.90,100.0,100.0
2020/11/14,16.00,100.0,100.0
2020/11/15,6.90,100.0,100.0
2020/11/16,0.20,100.0,100.0
2020/11/17,8.70,100.0,100.0
2020/11/18,0.00,100.0,100.0
2020/11/19,4.30,100.0,100.0
2020/11/20,23.50,100.0,100.0
2020/11/21,10.60,100.0,100.0
2020/11/22,3.30,100.0,100.0
2020/11/23,2.30,100.0,100.0
2020/11/24,0.60,100.0,100.0
2020/11/25,1.50,100.0,100.0
2020/11/26,5.40,100.0,100.0
2020/11/27,16.70,100.0,100.0
2020/11/28,4.40,100.0,100.0
2020/11/29,1.80,100.0,100.0
2020/11/30,0.40,100.0,100.0
2020/12/01,0.40,100.0,100.0
2020/12/02,11.60,100.0,100.0
2020/12/03,0.80,100.0,100.0
2020/12/04,1.10,100.0,100.0
2020/12/05,0.70,100.0,100.0
2020/12/06,1.70,100.0,100.0
2020/12/07,0.00,100.0,100.0
2020/12/08,0.00,100.0,100.0
2020/12/09,0.00,100.0,100.0
2020/12/10,0.80,100.0,100.0
2020/12/11,5.10,100.0,100.0
2020/12/12,10.20,100.0,100.0
2020/12/13,0.00,100.0,100.0
2020/12/14,0.00,100.0,100.0
2020/12/15,0.00,100.0,100.0
2020/12/16,0.00,100.0,100.0
2020/12/17,2.00,100.0,100.0
2020/12/18,2.80,100.0,100.0
2020/12/19,0.00,100.0,100.0
2020/12/20,0.80,100.0,100.0
2020/12/21,0.10,100.0,100.0
2020/12/22,0.20,100.0,100.0
2020/12/23,0.00,100.0,100.0
2020/12/24,0.00,100.0,100.0
2020/12/25,0.80,100.0,100.0
2020/12/26,2.30,100.0,100.0
2020/12/27,1.00,100.0,100.0
2020/12/28,1.40,100.0,100.0
2020/12/29,13.90,100.0,100.0
2020/12/30,0.30,99.0,95.8
2020/12/31,0.00,100.0,100.0
2021/01/01,0.50,100.0,100.0
2021/01/02,6.40,100.0,100.0
2021/01/03,1.70,100.0,100.0
2021/01/04,4.40,100.0,100.0
2021/01/05,0.60,100.0,100.0
2021/01/06,3.70,100.0,100.0
2021/01/07,0.10,91.3,91.7
2021/01/08,1.30,100.0,100.0
2021/01/09,0.70,100.0,100.0
2021/01/10,7.50,100.0,100.0
2021/01/11,5.00,100.0,100.0
2021/01/12,4.40,100.0,100.0
2021/01/13,3.00,100.0,100.0
2021/01/14,0.00,100.0,100.0
2021/01/15,0.00,100.0,100.0
2021/01/16,0.00,100.0,100.0
2021/01/17,0.00,100.0,100.0
2021/01/18,0.10,100.0,100.0
2021/01/19,0.00,100.0,100.0
2021/01/20,0.10,100.0,100.0
2021/01/21,0.30,100.0,100.0
2021/01/22,9.50,100.0,100.0
2021/01/23,5.60,100.0,100.0
2021/01/24,1.10,100.0,100.0
2021/01/25,0.50,100.0,100.0
2021/01/26,5.30,100.0,100.0
2021/01/27,1.30,100.0,100.0
2021/01/28,1.40,100.0,100.0
2021/01/29,0.10,100.0,100.0
2021/01/30,0.00,100.0,100.0
2021/01/31,0.00,100.0,100.0
2021/02/01,0.80,100.0,100.0
2021/02/02,0.60,100.0,100.0
2021/02/03,1.10,100.0,100.0
2021/02/04,2.70,100.0,100.0
2021/02/05,4.00,100.0,100.0
2021/02/06,0.00,100.0,100.0
2021/02/07,0.00,100.0,100.0
2021/02/08,5.30,100.0,100.0
2021/02/09,7.90,100.0,100.0
2021/02/10,3.20,100.0,100.0
2021/02/11,0.00,100.0,100.0
2021/02/12,0.00,100.0,100.0
2021/02/13,0.00,100.0,100.0
2021/02/14,0.00,100.0,100.0
2021/02/15,13.20,100.0,100.0
2021/02/16,8.30,100.0,100.0
2021/02/17,0.70,100.0,100.0
2021/02/18,0.10,100.0,100.0
2021/02/19,4.90,100.0,100.0
2021/02/20,4.80,100.0,100.0
2021/02/21,10.90,100.0,100.0
2021/02/22,0.10,100.0,100.0
2021/02/23,0.20,100.0,100.0
2021/02/24,0.30,100.0,100.0
2021/02/25,2.20,100.0,100.0
2021/02/26,2.60,100.0,100.0
2021/02/27,0.80,100.0,100.0
2021/02/28,0.50,100.0,100.0
2021/03/01,28.10,100.0,100.0
2021/03/02,5.30,100.0,100.0
2021/03/03,14.50,100.0,100.0
2021/03/04,6.80,100.0,100.0
2021/03/05,3.20,100.0,100.0
2021/03/06,0.20,100.0,100.0
2021/03/07,0.00,100.0,100.0
2021/03/08,2.40,100.0,100.0
2021/03/09,0.60,100.0,100.0
2021/03/10,25.70,100.0,100.0
2021/03/11,8.30,100.0,100.0
2021/03/12,8.40,100.0,100.0
2021/03/13,9.70,100.0,100.0
2021/03/14,9.70,100.0,100.0
2021/03/15,4.60,100.0,100.0
2021/03/16,9.30,100.0,100.0
2021/03/17,3.60,100.0,100.0
2021/03/18,12.90,100.0,100.0
2021/03/19,15.60,100.0,100.0
2021/03/20,0.20,100.0,100.0
2021/03/21,0.00,100.0,100.0
2021/03/22,0.20,100.0,100.0
2021/03/23,9.00,100.0,100.0
2021/03/24,13.40,100.0,100.0
2021/03/25,2.70,100.0,100.0
2021/03/26,0.00,100.0,100.0
2021/03/27,0.30,100.0,100.0
2021/03/28,2.20,100.0,100.0
2021/03/29,5.70,100.0,100.0
2021/03/30,2.40,100.0,100.0
2021/03/31,4.40,100.0,100.0
2021/04/01,0.60,100.0,100.0
2021/04/02,2.30,100.0,100.0
2021/04/03,5.30,100.0,100.0
2021/04/04,8.00,100.0,100.0
2021/04/05,0.00,100.0,100.0
2021/04/06,0.50,100.0,100.0
2021/04/07,5.30,100.0,100.0
2021/04/08,3.80,100.0,100.0
2021/04/09,,39.2,37.5
2021/04/10,,,
2021/04/11,,,
2021/04/12,,,
2021/04/13,,,
2021/04/14,,,
2021/04/15,,,
2021/04/16,,,
2021/04/17,,,
2021/04/18,,,
2021/04/19,,,
2021/04/20,,,
2021/04/21,,,
2021/04/22,,,
2021/04/23,,,
2021/04/24,,,
2021/04/25,,,
2021/04/26,,,
2021/04/27,,,
2021/04/28,,,
2021/04/29,,50.3,50.0
2021/04/30,28.90,100.0,100.0
2021/05/01,2.00,100.0,100.0
2021/05/02,13.90,100.0,100.0
2021/05/03,11.10,100.0,100.0
2021/05/04,3.20,100.0,100.0
2021/05/05,2.00,100.0,100.0
2021/05/06,8.40,100.0,100.0
2021/05/07,0.50,100.0,100.0
2021/05/08,2.80,100.0,100.0
2021/05/09,1.30,100.0,100.0
2021/05/10,4.70,100.0,100.0
2021/05/11,6.70,100.0,100.0
2021/05/12,2.90,100.0,100.0
2021/05/13,0.80,100.0,100.0
2021/05/14,5.30,100.0,100.0
2021/05/15,7.40,100.0,100.0
2021/05/16,3.80,100.0,100.0
2021/05/17,15.30,100.0,100.0
2021/05/18,4.70,100.0,100.0
2021/05/19,0.00,100.0,100.0
2021/05/20,0.00,100.0,100.0
2021/05/21,0.80,100.0,100.0
2021/05/22,2.50,100.0,100.0
2021/05/23,3.80,100.0,100.0
2021/05/24,9.40,100.0,100.0
2021/05/25,5.60,100.0,100.0
2021/05/26,0.80,100.0,100.0
2021/05/27,0.80,100.0,100.0
2021/05/28,0.00,100.0,100.0
2021/05/29,0.00,100.0,100.0
2021/05/30,5.20,100.0,100.0
2021/05/31,1.00,100.0,100.0
2021/06/01,0.00,100.0,100.0
2021/06/02,0.00,100.0,100.0
2021/06/03,0.10,100.0,100.0
2021/06/04,0.20,100.0,100.0
2021/06/05,0.00,100.0,100.0
2021/06/06,6.60,100.0,100.0
2021/06/07,4.10,100.0,100.0
2021/06/08,0.90,100.0,100.0
2021/06/09,0.00,100.0,100.0
2021/06/10,0.00,100.0,100.0
2021/06/11,1.60,100.0,100.0
2021/06/12,1.50,100.0,100.0
2021/06/13,19.10,100.0,100.0
2021/06/14,0.60,100.0,100.0
2021/06/15,9.20,100.0,100.0
2021/06/16,0.30,100.0,100.0
2021/06/17,0.10,100.0,100.0
2021/06/18,0.80,100.0,100.0
2021/06/19,21.90,100.0,100.0
2021/06/20,21.60,100.0,100.0
2021/06/21,8.20,100.0,100.0
2021/06/22,3.10,100.0,100.0
2021/06/23,3.60,100.0,100.0
2021/06/24,0.00,100.0,100.0
2021/06/25,1.50,100.0,100.0
2021/06/26,2.00,100.0,100.0
2021/06/27,1.70,100.0,100.0
2021/06/28,2.30,100.0,100.0
2021/06/29,0.20,100.0,100.0
2021/06/30,5.50,100.0,100.0
2021/07/01,0.20,100.0,100.0
2021/07/02,0.00,100.0,100.0
2021/07/03,0.00,100.0,100.0
2021/07/04,0.00,100.0,100.0
2021/07/05,0.00,100.0,100.0
2021/07/06,0.10,100.0,100.0
2021/07/07,0.20,100.0,100.0
2021/07/08,1.90,100.0,100.0
2021/07/09,3.50,100.0,100.0
2021/07/10,1.40,100.0,100.0
2021/07/11,0.30,100.0,100.0
2021/07/12,0.70,100.0,100.0
2021/07/13,0.50,100.0,100.0
2021/07/14,0.20,100.0,100.0
2021/07/15,,73.6,70.8
2021/07/16,4.10,100.0,100.0
2021/07/17,7.60,100.0,100.0
2021/07/18,22.20,100.0,100.0
2021/07/19,25.00,100.0,100.0
2021/07/20,4.70,100.0,100.0
2021/07/21,1.30,100.0,100.0
2021/07/22,10.20,100.0,100.0
2021/07/23,5.00,100.0,100.0
2021/07/24,0.80,100.0,100.0
2021/07/25,0.00,100.0,100.0
2021/07/26,1.00,100.0,100.0
2021/07/27,0.80,100.0,100.0
2021/07/28,0.20,100.0,100.0
2021/07/29,0.00,100.0,100.0
2021/07/30,0.10,100.0,100.0
2021/07/31,0.00,100.0,100.0
2021/08/01,0.50,100.0,100.0
2021/08/02,11.10,100.0,100.0
2021/08/03,3.50,100.0,100.0
2021/08/04,0.00,100.0,100.0
2021/08/05,0.00,100.0,100.0
2021/08/06,0.00,100.0,100.0
2021/08/07,0.00,100.0,100.0
2021/08/08,0.00,100.0,100.0
2021/08/09,0.00,100.0,100.0
2021/08/10,2.50,100.0,100.0
2021/08/11,4.10,100.0,100.0
2021/08/12,2.20,100.0,100.0
2021/08/13,3.00,100.0,100.0
2021/08/14,0.10,100.0,100.0
2021/08/15,0.00,100.0,100.0
2021/08/16,8.90,100.0,100.0
2021/08/17,2.50,100.0,100.0
2021/08/18,1.50,100.0,100.0
2021/08/19,2.30,100.0,100.0
2021/08/20,0.50,100.0,100.0
2021/08/21,0.10,100.0,100.0
2021/08/22,4.80,100.0,100.0
2021/08/23,0.50,100.0,100.0
2021/08/24,0.20,100.0,100.0
2021/08/25,0.20,100.0,100.0
2021/08/26,0.60,100.0,100.0
2021/08/27,0.90,100.0,100.0
2021/08/28,12.30,100.0,100.0
2021/08/29,4.20,100.0,100.0
2021/08/30,3.70,100.0,100.0
2021/08/31,3.50,100.0,100.0
2021/09/01,0.50,100.0,100.0
2021/09/02,10.50,100.0,100.0
2021/09/03,0.00,100.0,100.0
2021/09/04,1.60,100.0,100.0
2021/09/05,0.40,100.0,100.0
2021/09/06,50.50,100.0,100.0
2021/09/07,0.20,100.0,100.0
2021/09/08,3.50,100.0,100.0
2021/09/09,0.50,100.0,100.0
2021/09/10,0.10,100.0,100.0
2021/09/11,1.40,100.0,100.0
2021/09/12,8.70,100.0,100.0
2021/09/13,1.50,100.0,100.0
2021/09/14,0.90,100.0,100.0
2021/09/15,0.20,100.0,100.0
2021/09/16,2.60,89.2,83.3
2021/09/17,0.00,100.0,100.0
2021/09/18,0.30,100.0,100.0
2021/09/19,0.10,100.0,100.0
2021/09/20,0.70,100.0,100.0
2021/09/21,3.90,100.0,100.0
2021/09/22,4.80,100.0,100.0
2021/09/23,3.20,100.0,100.0
2021/09/24,1.30,100.0,100.0
2021/09/25,6.00,100.0,100.0
2021/09/26,0.00,100.0,100.0
2021/09/27,0.00,100.0,100.0
2021/09/28,5.60,100.0,100.0
2021/09/29,2.20,100.0,100.0
2021/09/30,1.60,100.0,100.0
2021/10/01,0.80,100.0,100.0
2021/10/02,0.00,100.0,100.0
2021/10/03,0.10,100.0,100.0
2021/10/04,0.80,100.0,100.0
2021/10/05,1.70,100.0,100.0
2021/10/06,1.50,100.0,100.0
2021/10/07,0.40,100.0,100.0
2021/10/08,0.00,100.0,100.0
2021/10/09,0.00,100.0,100.0
2021/10/10,13.40,100.0,100.0
2021/10/11,0.80,100.0,100.0
2021/10/12,1.20,100.0,100.0
2021/10/13,0.00,100.0,100.0
2021/10/14,0.30,100.0,100.0
2021/10/15,12.20,100.0,100.0
2021/10/16,1.30,100.0,100.0
2021/10/17,0.00,100.0,100.0
2021/10/18,0.00,100.0,100.0
2021/10/19,0.00,100.0,100.0
2021/10/20,2.90,100.0,100.0
2021/10/21,10.60,100.0,100.0
2021/10/22,2.50,100.0,100.0
2021/10/23,6.10,100.0,100.0
2021/10/24,0.10,100.0,100.0
2021/10/25,11.20,100.0,100.0
2021/10/26,4.20,100.0,100.0
2021/10/27,3.90,100.0,100.0
2021/10/28,2.90,100.0,100.0
2021/10/29,2.20,100.0,100.0
2021/10/30,1.70,100.0,100.0
2021/10/31,4.10,100.0,100.0
2021/11/01,7.40,100.0,100.0
2021/11/02,2.10,100.0,100.0
2021/11/03,0.60,100.0,100.0
2021/11/04,0.00,100.0,100.0
2021/11/05,0.00,100.0,100.0
2021/11/06,0.00,100.0,100.0
2021/11/07,0.00,100.0,100.0
2021/11/08,0.00,100.0,100.0
2021/11/09,1.80,100.0,100.0
2021/11/10,0.20,100.0,100.0
2021/11/11,0.00,100.0,100.0
2021/11/12,2.00,100.0,100.0
2021/11/13,4.90,100.0,100.0
2021/11/14,0.00,100.0,100.0
2021/11/15,0.00,100.0,100.0
2021/11/16,0.70,100.0,100.0
2021/11/17,0.00,100.0,100.0
2021/11/18,0.00,100.0,100.0
2021/11/19,5.70,100.0,100.0
2021/11/20,3.60,100.0,100.0
2021/11/21,0.30,100.0,100.0
2021/11/22,0.20,100.0,100.0
2021/11/23,0.20,100.0,100.0
2021/11/24,1.70,100.0,100.0
2021/11/25,8.70,100.0,100.0
2021/11/26,0.70,100.0,100.0
2021/11/27,0.00,100.0,100.0
2021/11/28,0.00,100.0,100.0
2021/11/29,9.80,99.7,100.0
2021/11/30,6.80,100.0,100.0
2021/12/01,0.40,100.0,100.0
2021/12/02,0.00,100.0,100.0
2021/12/03,0.00,100.0,100.0
2021/12/04,0.30,100.0,100.0
2021/12/05,1.50,100.0,100.0
2021/12/06,0.00,100.0,100.0
2021/12/07,0.00,100.0,100.0
2021/12/08,0.40,100.0,100.0
2021/12/09,0.00,100.0,100.0
2021/12/10,0.60,100.0,100.0
2021/12/11,6.40,100.0,100.0
2021/12/12,2.00,100.0,100.0
2021/12/13,4.50,100.0,100.0
2021/12/14,3.00,100.0,100.0
2021/12/15,0.60,100.0,100.0
2021/12/16,4.80,100.0,100.0
2021/12/17,7.20,100.0,100.0
2021/12/18,5.40,100.0,100.0
2021/12/19,2.60,100.0,100.0
2021/12/20,0.10,100.0,100.0
2021/12/21,0.00,100.0,100.0
2021/12/22,0.00,100.0,100.0
2021/12/23,0.10,100.0,100.0
2021/12/24,0.00,100.0,100.0
2021/12/25,0.10,100.0,100.0
2021/12/26,9.20,100.0,100.0
2021/12/27,0.70,100.0,100.0
2021/12/28,0.10,100.0,100.0
2021/12/29,0.00,100.0,100.0
2021/12/30,1.80,100.0,100.0
2021/12/31,0.00,100.0,100.0
2022/01/01,0.00,100.0,100.0
2022/01/02,0.10,100.0,100.0
2022/01/03,0.10,100.0,100.0
2022/01/04,0.10,100.0,100.0
2022/01/05,1.20,100.0,100.0
2022/01/06,0.00,100.0,100.0
2022/01/07,0.10,100.0,100.0
2022/01/08,0.10,100.0,100.0
2022/01/09,0.10,100.0,100.0
2022/01/10,0.00,100.0,100.0
2022/01/11,0.00,100.0,100.0
2022/01/12,0.00,100.0,100.0
2022/01/13,4.70,100.0,100.0
2022/01/14,0.50,100.0,100.0
2022/01/15,0.30,100.0,100.0
2022/01/16,0.00,100.0,100.0
2022/01/17,0.20,100.0,100.0
2022/01/18,0.00,100.0,100.0
2022/01/19,2.80,100.0,100.0
2022/01/20,2.00,100.0,100.0
2022/01/21,0.50,100.0,100.0
2022/01/22,0.10,100.0,100.0
2022/01/23,0.10,100.0,100.0
2022/01/24,0.70,100.0,100.0
2022/01/25,2.80,100.0,100.0
2022/01/26,0.00,100.0,100.0
2022/01/27,12.40,100.0,100.0
2022/01/28,0.00,100.0,100.0
2022/01/29,0.30,100.0,100.0
2022/01/30,1.70,100.0,100.0
2022/01/31,2.10,100.0,100.0
2022/02/01,2.90,100.0,100.0
2022/02/02,0.00,100.0,100.0
2022/02/03,0.00,100.0,100.0
2022/02/04,0.40,100.0,100.0
2022/02/05,7.00,100.0,100.0
2022/02/06,0.10,100.0,100.0
2022/02/07,1.70,100.0,100.0
2022/02/08,1.10,100.0,100.0
2022/02/09,0.00,100.0,100.0
2022/02/10,0.00,100.0,100.0
2022/02/11,2.70,100.0,100.0
2022/02/12,1.10,100.0,100.0
2022/02/13,5.40,100.0,100.0
2022/02/14,0.00,100.0,100.0
2022/02/15,0.00,100.0,100.0
2022/02/16,0.00,100.0,100.0
2022/02/17,0.10,100.0,100.0
2022/02/18,6.20,100.0,100.0
2022/02/19,3.40,100.0,100.0
2022/02/20,0.20,100.0,100.0
2022/02/21,7.30,100.0,100.0
2022/02/22,0.10,100.0,100.0
2022/02/23,9.30,100.0,100.0
2022/02/24,0.60,100.0,100.0
2022/02/25,0.10,100.0,100.0
2022/02/26,0.90,100.0,100.0
2022/02/27,7.40,100.0,100.0
2022/02/28,2.10,100.0,100.0
2022/03/01,2.00,100.0,100.0
2022/03/02,0.70,100.0,100.0
2022/03/03,0.90,100.0,100.0
2022/03/04,0.60,100.0,100.0
2022/03/05,0.60,100.0,100.0
2022/03/06,0.70,100.0,100.0
2022/03/07,3.40,100.0,100.0
2022/03/08,1.10,100.0,100.0
2022/03/09,0.10,100.0,100.0
2022/03/10,2.90,100.0,100.0
2022/03/11,3.00,100.0,100.0
2022/03/12,0.00,100.0,100.0
2022/03/13,9.90,100.0,100.0
2022/03/14,8.40,100.0,100.0
2022/03/15,9.60,100.0,100.0
2022/03/16,0.00,100.0,100.0
2022/03/17,0.00,100.0,100.0
2022/03/18,0.00,100.0,100.0
2022/03/19,2.20,100.0,100.0
2022/03/20,1.70,100.0,100.0
2022/03/21,,79.2,75.0
2022/03/22,0.00,100.0,100.0
2022/03/23,0.00,100.0,100.0
2022/03/24,0.10,100.0,100.0
2022/03/25,0.60,100.0,100.0
2022/03/26,0.50,100.0,100.0
2022/03/27,1.70,100.0,100.0
2022/03/28,0.90,100.0,100.0
2022/03/29,0.60,100.0,100.0
2022/03/30,8.10,100.0,100.0
2022/03/31,0.20,100.0,100.0
2022/04/01,0.20,100.0,100.0
2022/04/02,7.40,100.0,100.0
2022/04/03,0.10,100.0,100.0
2022/04/04,2.00,100.0,100.0
2022/04/05,1.30,100.0,100.0
2022/04/06,0.10,100.0,100.0
2022/04/07,0.30,100.0,100.0
2022/04/08,1.90,100.0,100.0
2022/04/09,0.80,100.0,100.0
2022/04/10,4.00,100.0,100.0
2022/04/11,0.40,100.0,100.0
2022/04/12,1.10,100.0,100.0
2022/04/13,1.60,100.0,100.0
2022/04/14,1.00,100.0,100.0
2022/04/15,2.10,100.0,100.0
2022/04/16,1.20,100.0,100.0
2022/04/17,0.00,100.0,100.0
2022/04/18,3.50,100.0,100.0
2022/04/19,17.00,100.0,100.0
2022/04/20,14.60,100.0,100.0
2022/04/21,4.70,100.0,100.0
2022/04/22,0.20,100.0,100.0
2022/04/23,2.00,100.0,100.0
2022/04/24,1.00,100.0,100.0
2022/04/25,5.60,100.0,100.0
2022/04/26,0.10,100.0,100.0
2022/04/27,0.40,100.0,100.0
2022/04/28,0.70,100.0,100.0
2022/04/29,4.10,100.0,100.0
2022/04/30,1.50,100.0,100.0
2022/05/01,0.00,100.0,100.0
2022/05/02,0.00,100.0,100.0
2022/05/03,0.50,100.0,100.0
2022/05/04,1.80,100.0,100.0
2022/05/05,16.40,100.0,100.0
2022/05/06,3.60,100.0,100.0
2022/05/07,4.90,100.0,100.0
2022/05/08,8.40,100.0,100.0
2022/05/09,0.00,100.0,100.0
2022/05/10,0.00,100.0,100.0
2022/05/11,5.70,100.0,100.0
2022/05/12,1.10,100.0,100.0
2022/05/13,0.50,100.0,100.0
2022/05/14,23.60,100.0,100.0
2022/05/15,3.70,100.0,100.0
2022/05/16,8.80,100.0,100.0
2022/05/17,7.40,100.0,100.0
2022/05/18,0.80,100.0,100.0
2022/05/19,0.80,100.0,100.0
2022/05/20,0.20,100.0,100.0
2022/05/21,0.30,100.0,100.0
2022/05/22,0.70,100.0,100.0
2022/05/23,0.50,100.0,100.0
2022/05/24,0.00,100.0,100.0
2022/05/25,1.00,100.0,100.0
2022/05/26,7.30,100.0,100.0
2022/05/27,2.80,100.0,100.0
2022/05/28,0.00,100.0,100.0
2022/05/29,0.70,100.0,100.0
2022/05/30,3.40,100.0,100.0
2022/05/31,0.00,100.0,100.0
2022/06/01,0.00,100.0,100.0
2022/06/02,0.80,100.0,100.0
2022/06/03,12.50,100.0,100.0
2022/06/04,13.30,100.0,100.0
2022/06/05,5.00,100.0,100.0
2022/06/06,0.10,100.0,100.0
2022/06/07,0.30,100.0,100.0
2022/06/08,0.60,100.0,100.0
2022/06/09,1.40,100.0,100.0
2022/06/10,1.70,100.0,100.0
2022/06/11,4.40,100.0,100.0
2022/06/12,5.20,100.0,100.0
2022/06/13,1.60,100.0,100.0
2022/06/14,1.20,100.0,100.0
2022/06/15,0.50,100.0,100.0
2022/06/16,1.70,100.0,100.0
2022/06/17,0.30,100.0,100.0
2022/06/18,0.90,100.0,100.0
2022/06/19,8.60,100.0,100.0
2022/06/20,12.20,100.0,100.0
2022/06/21,0.80,100.0,100.0
2022/06/22,3.70,100.0,100.0
2022/06/23,12.50,100.0,100.0
2022/06/24,27.30,100.0,100.0
2022/06/25,21.80,100.0,100.0
2022/06/26,12.10,100.0,100.0
2022/06/27,0.60,100.0,100.0
2022/06/28,1.90,100.0,100.0
2022/06/29,5.80,100.0,100.0
2022/06/30,0.00,100.0,100.0
2022/07/01,0.10,100.0,100.0
2022/07/02,8.20,100.0,100.0
2022/07/03,17.10,100.0,100.0
2022/07/04,22.30,100.0,100.0
2022/07/05,6.30,100.0,100.0
2022/07/06,2.60,100.0,100.0
2022/07/07,1.30,100.0,100.0
2022/07/08,0.80,100.0,100.0
2022/07/09,10.60,100.0,100.0
2022/07/10,2.20,100.0,100.0
2022/07/11,0.40,100.0,100.0
2022/07/12,2.30,100.0,100.0
2022/07/13,2.60,100.0,100.0
2022/07/14,0.00,100.0,100.0
2022/07/15,0.00,100.0,100.0
2022/07/16,0.00,100.0,100.0
2022/07/17,1.20,100.0,100.0
2022/07/18,6.40,100.0,100.0
2022/07/19,8.90,100.0,100.0
2022/07/20,3.20,100.0,100.0
2022/07/21,2.10,100.0,100.0
2022/07/22,3.00,100.0,100.0
2022/07/23,0.10,100.0,100.0
2022/07/24,10.50,100.0,100.0
2022/07/25,3.40,100.0,100.0
2022/07/26,13.60,100.0,100.0
2022/07/27,2.20,100.0,100.0
2022/07/28,1.60,100.0,100.0
2022/07/29,0.30,100.0,100.0
2022/07/30,0.00,100.0,100.0
2022/07/31,0.00,100.0,100.0
2022/08/01,1.90,100.0,100.0
2022/08/02,0.40,100.0,100.0
2022/08/03,0.90,100.0,100.0
2022/08/04,4.80,100.0,100.0
2022/08/05,7.60,100.0,100.0
2022/08/06,3.10,100.0,100.0
2022/08/07,0.10,100.0,100.0
2022/08/08,0.20,100.0,100.0
2022/08/09,7.40,100.0,100.0
2022/08/10,14.40,100.0,100.0
2022/08/11,0.00,100.0,100.0
2022/08/12,0.00,100.0,100.0
2022/08/13,0.00,100.0,100.0
2022/08/14,0.00,100.0,100.0
2022/08/15,0.00,100.0,100.0
2022/08/16,0.00,100.0,100.0
2022/08/17,0.00,100.0,100.0
2022/08/18,0.00,100.0,100.0
2022/08/19,0.00,100.0,100.0
2022/08/20,0.00,100.0,100.0
2022/08/21,0.00,100.0,100.0
2022/08/22,,68.4,66.7
2022/08/23,,,
2022/08/24,,,
2022/08/25,,,
2022/08/26,,,
2022/08/27,,,
2022/08/28,,,
2022/08/29,,,
2022/08/30,,,
2022/08/31,,,
2022/09/01,,,
2022/09/02,,,
2022/09/03,,,
2022/09/04,,,
2022/09/05,,,
2022/09/06,,,
2022/09/07,,,
2022/09/08,,,
2022/09/09,,,
2022/09/10,,,
2022/09/11,,,
2022/09/12,,,
2022/09/13,,,
2022/09/14,,,
2022/09/15,,,
2022/09/16,,,
2022/09/17,,,
2022/09/18,,,
2022/09/19,,,
2022/09/20,,,
2022/09/21,,,
2022/09/22,,,
2022/09/23,,,
2022/09/24,,,
2022/09/25,,,
2022/09/26,,,
2022/09/27,,,
2022/09/28,,,
2022/09/29,,,
2022/09/30,,,
2022/10/01,,,
2022/10/02,,,
2022/10/03,,,
2022/10/04,,,
2022/10/05,,,
2022/10/06,,,
2022/10/07,,,
2022/10/08,,,
2022/10/09,,,
2022/10/10,,,
2022/10/11,,,
2022/10/12,,,
2022/10/13,,,
2022/10/14,,,
2022/10/15,,,
2022/10/16,,,
2022/10/17,,,
2022/10/18,,,
2022/10/19,,,
2022/10/20,,,
2022/10/21,,,
2022/10/22,,,
2022/10/23,,,
2022/10/24,,,
2022/10/25,,,
2022/10/26,,,
2022/10/27,,,
2022/10/28,,,
2022/10/29,,,
2022/10/30,,,
2022/10/31,,,
2022/11/01,,,
2022/11/02,,,
2022/11/03,,,
2022/11/04,,,
2022/11/05,,,
2022/11/06,,,
2022/11/07,,,
2022/11/08,,,
2022/11/09,,,
2022/11/10,,,
2022/11/11,,,
2022/11/12,,,
2022/11/13,,,
2022/11/14,,,
2022/11/15,,,
2022/11/16,,,
2022/11/17,,37.5,37.5
2022/11/18,0.00,100.0,100.0
2022/11/19,0.00,100.0,100.0
2022/11/20,25.60,100.0,100.0
2022/11/21,9.20,100.0,100.0
2022/11/22,0.00,100.0,100.0
2022/11/23,0.00,100.0,100.0
2022/11/24,0.60,100.0,100.0
2022/11/25,1.30,100.0,100.0
2022/11/26,0.20,100.0,100.0
2022/11/27,1.30,100.0,100.0
2022/11/28,5.80,100.0,100.0
2022/11/29,0.10,100.0,100.0
2022/11/30,0.00,100.0,100.0
2022/12/01,0.00,100.0,100.0
2022/12/02,0.00,100.0,100.0
2022/12/03,14.80,100.0,100.0
2022/12/04,2.00,100.0,100.0
2022/12/05,0.90,100.0,100.0
2022/12/06,0.10,100.0,100.0
2022/12/07,0.10,100.0,100.0
2022/12/08,0.00,100.0,100.0
2022/12/09,1.10,100.0,100.0
2022/12/10,0.40,100.0,100.0
2022/12/11,0.30,100.0,100.0
2022/12/12,0.00,100.0,100.0
2022/12/13,0.00,100.0,100.0
2022/12/14,19.50,100.0,100.0
2022/12/15,2.90,100.0,100.0
2022/12/16,0.10,100.0,100.0
2022/12/17,0.00,100.0,100.0
2022/12/18,4.20,100.0,100.0
2022/12/19,0.10,100.0,100.0
2022/12/20,0.00,100.0,100.0
2022/12/21,0.00,100.0,100.0
2022/12/22,0.00,100.0,100.0
2022/12/23,0.00,100.0,100.0
2022/12/24,2.70,100.0,100.0
2022/12/25,3.20,100.0,100.0
2022/12/26,0.90,100.0,100.0
2022/12/27,0.00,100.0,100.0
2022/12/28,0.00,100.0,100.0
2022/12/29,0.00,100.0,100.0
2022/12/30,0.00,100.0,100.0
2022/12/31,1.60,100.0,100.0
2023/01/01,0.70,100.0,100.0
2023/01/02,7.60,100.0,100.0
2023/01/03,0.00,100.0,100.0
2023/01/04,0.20,100.0,100.0
2023/01/05,0.20,100.0,100.0
2023/01/06,1.50,100.0,100.0
2023/01/07,0.80,100.0,100.0
2023/01/08,0.00,100.0,100.0
2023/01/09,0.30,100.0,100.0
2023/01/10,4.70,100.0,100.0
2023/01/11,17.90,100.0,100.0
2023/01/12,1.90,100.0,100.0
2023/01/13,0.00,100.0,100.0
2023/01/14,8.00,100.0,100.0
2023/01/15,0.00,100.0,100.0
2023/01/16,0.00,100.0,100.0
2023/01/17,0.00,100.0,100.0
2023/01/18,0.50,100.0,100.0
2023/01/19,4.80,100.0,100.0
2023/01/20,0.40,100.0,100.0
2023/01/21,4.70,100.0,100.0
2023/01/22,0.10,100.0,100.0
2023/01/23,0.60,100.0,100.0
2023/01/24,10.20,100.0,100.0
2023/01/25,1.30,100.0,100.0
2023/01/26,0.00,100.0,100.0
2023/01/27,0.10,100.0,100.0
2023/01/28,0.00,100.0,100.0
2023/01/29,0.10,100.0,100.0
2023/01/30,0.00,100.0,100.0
2023/01/31,3.80,100.0,100.0
2023/02/01,0.10,100.0,100.0
2023/02/02,0.00,100.0,100.0
2023/02/03,0.00,100.0,100.0
2023/02/04,0.00,100.0,100.0
2023/02/05,0.70,100.0,100.0
2023/02/06,1.80,100.0,100.0
2023/02/07,0.90,100.0,100.0
2023/02/08,1.40,100.0,100.0
2023/02/09,0.70,100.0,100.0
2023/02/10,0.30,100.0,100.0
2023/02/11,0.10,100.0,100.0
2023/02/12,0.80,100.0,100.0
2023/02/13,0.80,100.0,100.0
2023/02/14,0.80,100.0,100.0
2023/02/15,0.20,100.0,100.0
2023/02/16,1.00,100.0,100.0
2023/02/17,0.80,100.0,100.0
2023/02/18,3.40,100.0,100.0
2023/02/19,0.40,100.0,100.0
2023/02/20,7.50,100.0,100.0
2023/02/21,15.30,100.0,100.0
2023/02/22,1.90,100.0,100.0
2023/02/23,0.50,100.0,100.0
2023/02/24,0.00,100.0,100.0
2023/02/25,0.00,100.0,100.0
2023/02/26,0.00,100.0,100.0
2023/02/27,0.20,100.0,100.0
2023/02/28,1.00,100.0,100.0
2023/03/01,0.00,100.0,100.0
2023/03/02,1.40,100.0,100.0
2023/03/03,5.40,100.0,100.0
2023/03/04,8.70,100.0,100.0
2023/03/05,3.50,100.0,100.0
2023/03/06,1.50,100.0,100.0
2023/03/07,8.30,100.0,100.0
2023/03/08,10.80,100.0,100.0
2023/03/09,10.50,99.3,100.0
2023/03/10,9.50,100.0,100.0
2023/03/11,8.90,100.0,100.0
2023/03/12,4.40,100.0,100.0
2023/03/13,16.20,100.0,100.0
2023/03/14,1.20,100.0,100.0
2023/03/15,0.00,100.0,100.0
2023/03/16,0.60,100.0,100.0
2023/03/17,0.00,100.0,100.0
2023/03/18,0.00,100.0,100.0
2023/03/19,0.00,100.0,100.0
2023/03/20,1.00,100.0,100.0
2023/03/21,1.00,100.0,100.0
2023/03/22,7.00,100.0,100.0
2023/03/23,4.80,100.0,100.0
2023/03/24,4.20,100.0,100.0
2023/03/25,7.20,100.0,100.0
2023/03/26,0.20,100.0,100.0
2023/03/27,0.20,100.0,100.0
2023/03/28,0.00,100.0,100.0
2023/03/29,0.00,100.0,100.0
2023/03/30,0.00,100.0,100.0
2023/03/31,8.30,100.0,100.0
2023/04/01,0.70,100.0,100.0
2023/04/02,0.10,100.0,100.0
2023/04/03,2.20,100.0,100.0
2023/04/04,2.20,100.0,100.0
2023/04/05,9.20,100.0,100.0
2023/04/06,3.40,100.0,100.0
2023/04/07,1.10,100.0,100.0
2023/04/08,11.40,100.0,100.0
2023/04/09,0.10,100.0,100.0
2023/04/10,0.60,100.0,100.0
2023/04/11,0.00,100.0,100.0
2023/04/12,0.30,100.0,100.0
2023/04/13,0.10,100.0,100.0
2023/04/14,0.10,100.0,100.0
2023/04/15,0.20,100.0,100.0
2023/04/16,6.60,100.0,100.0
2023/04/17,1.30,100.0,100.0
2023/04/18,0.90,100.0,100.0
2023/04/19,2.90,100.0,100.0
2023/04/20,5.90,100.0,100.0
2023/04/21,10.00,100.0,100.0
2023/04/22,8.40,100.0,100.0
2023/04/23,15.20,100.0,100.0
2023/04/24,0.10,100.0,100.0
2023/04/25,1.80,100.0,100.0
2023/04/26,0.70,100.0,100.0
2023/04/27,2.30,99.7,100.0
2023/04/28,1.40,100.0,100.0
2023/04/29,5.80,100.0,100.0
2023/04/30,3.80,100.0,100.0
2023/05/01,11.50,100.0,100.0
2023/05/02,0.10,100.0,100.0
2023/05/03,1.00,100.0,100.0
2023/05/04,0.70,100.0,100.0
2023/05/05,0.10,100.0,100.0
2023/05/06,0.00,100.0,100.0
2023/05/07,0.00,100.0,100.0
2023/05/08,0.00,100.0,100.0
2023/05/09,2.10,100.0,100.0
2023/05/10,1.50,100.0,100.0
2023/05/11,0.20,100.0,100.0
2023/05/12,0.30,100.0,100.0
2023/05/13,0.30,100.0,100.0
2023/05/14,12.90,100.0,100.0
2023/05/15,6.50,100.0,100.0
2023/05/16,9.00,100.0,100.0
2023/05/17,0.30,100.0,100.0
2023/05/18,0.30,100.0,100.0
2023/05/19,1.20,100.0,100.0
2023/05/20,1.50,100.0,100.0
2023/05/21,2.80,100.0,100.0
2023/05/22,0.10,100.0,100.0
2023/05/23,0.00,100.0,100.0
2023/05/24,7.90,100.0,100.0
2023/05/25,0.60,100.0,100.0
2023/05/26,0.30,100.0,100.0
2023/05/27,0.80,100.0,100.0
2023/05/28,23.90,100.0,100.0
2023/05/29,0.00,100.0,100.0
2023/05/30,0.00,100.0,100.0
2023/05/31,5.40,100.0,100.0
2023/06/01,4.90,100.0,100.0
2023/06/02,8.70,100.0,100.0
2023/06/03,0.10,100.0,100.0
2023/06/04,1.20,100.0,100.0
2023/06/05,1.90,100.0,100.0
2023/06/06,6.20,100.0,100.0
2023/06/07,1.80,100.0,100.0
2023/06/08,0.30,100.0,100.0
2023/06/09,1.20,100.0,100.0
2023/06/10,0.50,100.0,100.0
2023/06/11,0.00,100.0,100.0
2023/06/12,0.00,100.0,100.0
2023/06/13,0.00,100.0,100.0
2023/06/14,0.60,100.0,100.0
2023/06/15,8.90,100.0,100.0
2023/06/16,6.30,100.0,100.0
2023/06/17,1.70,100.0,100.0
2023/06/18,0.10,100.0,100.0
2023/06/19,0.00,100.0,100.0
2023/06/20,0.10,100.0,100.0
2023/06/21,0.00,100.0,100.0
2023/06/22,0.30,100.0,100.0
2023/06/23,6.80,100.0,100.0
2023/06/24,0.90,100.0,100.0
2023/06/25,5.60,100.0,100.0
2023/06/26,9.20,100.0,100.0
2023/06/27,0.50,100.0,100.0
2023/06/28,0.10,100.0,100.0
2023/06/29,2.60,100.0,100.0
2023/06/30,3.00,100.0,100.0
2023/07/01,0.80,100.0,100.0
2023/07/02,0.00,100.0,100.0
2023/07/03,0.00,100.0,100.0
2023/07/04,0.00,100.0,100.0
2023/07/05,0.00,100.0,100.0
2023/07/06,0.70,100.0,100.0
2023/07/07,10.50,100.0,100.0
2023/07/08,10.80,100.0,100.0
2023/07/09,19.00,100.0,100.0
2023/07/10,0.50,100.0,100.0
2023/07/11,2.20,100.0,100.0
2023/07/12,2.10,100.0,100.0
2023/07/13,0.50,100.0,100.0
2023/07/14,4.60,100.0,100.0
2023/07/15,5.20,100.0,100.0
2023/07/16,1.90,100.0,100.0
2023/07/17,6.70,100.0,100.0
2023/07/18,7.80,100.0,100.0
2023/07/19,1.40,100.0,100.0
2023/07/20,4.70,100.0,100.0
2023/07/21,4.10,100.0,100.0
2023/07/22,1.40,100.0,100.0
2023/07/23,0.20,100.0,100.0
2023/07/24,0.50,100.0,100.0
2023/07/25,1.50,100.0,100.0
2023/07/26,0.00,100.0,100.0
2023/07/27,1.30,100.0,100.0
2023/07/28,1.70,100.0,100.0
2023/07/29,2.00,100.0,100.0
2023/07/30,1.20,100.0,100.0
2023/07/31,0.30,100.0,100.0
2023/08/01,4.10,100.0,100.0
2023/08/02,0.90,100.0,100.0
2023/08/03,0.00,100.0,100.0
2023/08/04,0.00,100.0,100.0
2023/08/05,0.10,100.0,100.0
2023/08/06,0.00,100.0,100.0
2023/08/07,2.90,100.0,100.0
2023/08/08,1.80,100.0,100.0
2023/08/09,10.30,100.0,100.0
2023/08/10,0.00,100.0,100.0
2023/08/11,5.00,100.0,100.0
2023/08/12,0.00,100.0,100.0
2023/08/13,0.20,100.0,100.0
2023/08/14,2.30,100.0,100.0
2023/08/15,6.60,100.0,100.0
2023/08/16,0.40,100.0,100.0
2023/08/17,0.00,100.0,100.0
2023/08/18,0.00,100.0,100.0
2023/08/19,0.00,100.0,100.0
2023/08/20,1.60,100.0,100.0
2023/08/21,23.20,100.0,100.0
2023/08/22,16.00,100.0,100.0
2023/08/23,0.00,100.0,100.0
2023/08/24,0.00,100.0,100.0
2023/08/25,3.30,100.0,100.0
2023/08/26,,30.2,29.2
2023/08/27,,,
2023/08/28,,,
2023/08/29,,,
2023/08/30,,,
2023/08/31,,,
2023/09/01,,,
2023/09/02,,,
2023/09/03,,,
2023/09/04,,,
2023/09/05,,,
2023/09/06,,,
2023/09/07,,,
2023/09/08,,,
2023/09/09,,,
2023/09/10,,,
2023/09/11,,,
2023/09/12,,,
2023/09/13,,,
2023/09/14,,26.7,25.0
2023/09/15,2.90,100.0,100.0
2023/09/16,1.00,100.0,100.0
2023/09/17,0.00,100.0,100.0
2023/09/18,0.20,100.0,100.0
2023/09/19,2.20,100.0,100.0
2023/09/20,0.00,100.0,100.0
2023/09/21,0.00,100.0,100.0
2023/09/22,0.00,100.0,100.0
2023/09/23,0.00,100.0,100.0
2023/09/24,1.60,100.0,100.0
2023/09/25,0.60,100.0,100.0
2023/09/26,1.60,100.0,100.0
2023/09/27,0.20,100.0,100.0
2023/09/28,10.50,100.0,100.0
2023/09/29,0.10,100.0,100.0
2023/09/30,2.50,100.0,100.0
2023/10/01,0.00,100.0,100.0
2023/10/02,0.60,100.0,100.0
2023/10/03,0.10,100.0,100.0
2023/10/04,0.00,100.0,100.0
2023/10/05,0.20,100.0,100.0
2023/10/06,0.00,100.0,100.0
2023/10/07,0.30,100.0,100.0
2023/10/08,4.50,100.0,100.0
2023/10/09,2.20,100.0,100.0
2023/10/10,0.30,100.0,100.0
2023/10/11,0.00,100.0,100.0
2023/10/12,0.00,100.0,100.0
2023/10/13,5.70,100.0,100.0
2023/10/14,8.10,100.0,100.0
2023/10/15,0.00,100.0,100.0
2023/10/16,0.20,100.0,100.0
2023/10/17,0.00,100.0,100.0
2023/10/18,0.00,100.0,100.0
2023/10/19,0.00,100.0,100.0
2023/10/20,0.30,100.0,100.0
2023/10/21,0.00,100.0,100.0
2023/10/22,0.40,100.0,100.0
2023/10/23,0.00,100.0,100.0
2023/10/24,0.00,100.0,100.0
2023/10/25,2.50,100.0,100.0
2023/10/26,12.20,100.0,100.0
2023/10/27,0.70,100.0,100.0
2023/10/28,2.60,100.0,100.0
2023/10/29,0.00,100.0,100.0
2023/10/30,0.10,100.0,100.0
2023/10/31,0.50,100.0,100.0
2023/11/01,11.70,100.0,100.0
2023/11/02,0.00,100.0,100.0
2023/11/03,3.70,100.0,100.0
2023/11/04,1.20,100.0,100.0
2023/11/05,1.90,100.0,100.0
2023/11/06,0.10,100.0,100.0
2023/11/07,0.00,100.0,100.0
2023/11/08,0.00,100.0,100.0
2023/11/09,0.60,100.0,100.0
2023/11/10,2.10,100.0,100.0
2023/11/11,0.80,100.0,100.0
2023/11/12,0.80,100.0,100.0
2023/11/13,0.20,100.0,100.0
2023/11/14,0.50,100.0,100.0
2023/11/15,7.10,100.0,100.0
2023/11/16,0.00,100.0,100.0
2023/11/17,0.20,100.0,100.0
2023/11/18,0.10,100.0,100.0
2023/11/19,0.00,100.0,100.0
2023/11/20,6.50,100.0,100.0
2023/11/21,4.40,100.0,100.0
2023/11/22,1.70,100.0,100.0
2023/11/23,15.40,100.0,100.0
2023/11/24,8.00,100.0,100.0
2023/11/25,0.10,100.0,100.0
2023/11/26,0.10,100.0,100.0
2023/11/27,0.00,100.0,100.0
2023/11/28,1.20,100.0,100.0
2023/11/29,0.90,100.0,100.0
2023/11/30,0.00,100.0,100.0
2023/12/01,0.10,100.0,100.0
2023/12/02,0.00,100.0,100.0
2023/12/03,0.00,100.0,100.0
2023/12/04,0.00,100.0,100.0
2023/12/05,0.00,100.0,100.0
2023/12/06,0.00,100.0,100.0
2023/12/07,0.20,100.0,100.0
2023/12/08,0.70,100.0,100.0
2023/12/09,0.60,100.0,100.0
2023/12/10,5.00,100.0,100.0
2023/12/11,0.20,100.0,100.0
2023/12/12,1.20,100.0,100.0
2023/12/13,1.20,100.0,100.0
2023/12/14,1.90,100.0,100.0
2023/12/15,1.10,100.0,100.0
2023/12/16,2.90,100.0,100.0
2023/12/17,10.00,100.0,100.0
2023/12/18,13.80,100.0,100.0
2023/12/19,0.00,100.0,100.0
2023/12/20,4.30,100.0,100.0
2023/12/21,10.60,100.0,100.0
2023/12/22,1.40,100.0,100.0
2023/12/23,0.90,100.0,100.0
2023/12/24,0.20,100.0,100.0
2023/12/25,0.00,100.0,100.0
2023/12/26,4.10,100.0,100.0
2023/12/27,0.40,100.0,100.0
2023/12/28,9.20,100.0,100.0
2023/12/29,5.40,100.0,100.0
2023/12/30,1.10,100.0,100.0
2023/12/31,1.60,100.0,100.0
2024/01/01,0.70,100.0,100.0
2024/01/02,0.00,100.0,100.0
2024/01/03,1.90,100.0,100.0
2024/01/04,0.30,100.0,100.0
2024/01/05,0.30,100.0,100.0
2024/01/06,0.00,100.0,100.0
2024/01/07,0.00,100.0,100.0
2024/01/08,0.00,100.0,100.0
2024/01/09,1.00,100.0,100.0
2024/01/10,0.80,100.0,100.0
2024/01/11,0.00,100.0,100.0
2024/01/12,0.50,100.0,100.0
2024/01/13,0.10,100.0,100.0
2024/01/14,0.30,100.0,100.0
2024/01/15,1.20,100.0,100.0
2024/01/16,6.30,100.0,100.0
2024/01/17,8.90,100.0,100.0
2024/01/18,6.20,100.0,100.0
2024/01/19,0.30,100.0,100.0
2024/01/20,3.50,100.0,100.0
2024/01/21,6.00,100.0,100.0
2024/01/22,0.50,100.0,100.0
2024/01/23,0.20,100.0,100.0
2024/01/24,0.00,100.0,100.0
2024/01/25,0.00,100.0,100.0
2024/01/26,0.00,100.0,100.0
2024/01/27,21.90,100.0,100.0
2024/01/28,0.10,100.0,100.0
2024/01/29,0.10,100.0,100.0
2024/01/30,0.00,100.0,100.0
2024/01/31,0.00,100.0,100.0
2024/02/01,0.00,100.0,100.0
2024/02/02,0.00,100.0,100.0
2024/02/03,17.10,100.0,100.0
2024/02/04,2.20,100.0,100.0
2024/02/05,3.70,100.0,100.0
2024/02/06,0.10,100.0,100.0
2024/02/07,5.20,100.0,100.0
2024/02/08,0.10,100.0,100.0
2024/02/09,3.20,100.0,100.0
2024/02/10,2.20,100.0,100.0
2024/02/11,2.30,100.0,100.0
2024/02/12,0.10,100.0,100.0
2024/02/13,0.50,100.0,100.0
2024/02/14,2.40,100.0,100.0
2024/02/15,2.20,100.0,100.0
2024/02/16,1.00,100.0,100.0
2024/02/17,10.40,100.0,100.0
2024/02/18,0.10,100.0,100.0
2024/02/19,0.00,100.0,100.0
2024/02/20,0.20,100.0,100.0
2024/02/21,0.80,100.0,100.0
2024/02/22,0.10,100.0,100.0
2024/02/23,0.00,100.0,100.0
2024/02/24,0.40,100.0,100.0
2024/02/25,0.10,100.0,100.0
2024/02/26,14.80,100.0,100.0
2024/02/27,4.00,100.0,100.0
2024/02/28,0.00,100.0,100.0
2024/02/29,0.00,100.0,100.0
2024/03/01,0.00,100.0,100.0
2024/03/02,1.50,100.0,100.0
2024/03/03,3.90,100.0,100.0
2024/03/04,0.00,100.0,100.0
2024/03/05,0.00,100.0,100.0
2024/03/06,1.30,100.0,100.0
2024/03/07,1.20,99.7,100.0
2024/03/08,1.00,100.0,100.0
2024/03/09,1.30,100.0,100.0
2024/03/10,1.60,100.0,100.0
2024/03/11,0.20,100.0,100.0
2024/03/12,1.20,100.0,100.0
2024/03/13,1.50,100.0,100.0
2024/03/14,1.90,100.0,100.0
2024/03/15,2.60,100.0,100.0
2024/03/16,1.90,100.0,100.0
2024/03/17,0.00,100.0,100.0
2024/03/18,0.00,100.0,100.0
2024/03/19,0.40,100.0,100.0
2024/03/20,0.00,100.0,100.0
2024/03/21,0.60,100.0,100.0
2024/03/22,1.60,100.0,100.0
2024/03/23,11.80,100.0,100.0
2024/03/24,1.50,100.0,100.0
2024/03/25,17.10,100.0,100.0
2024/03/26,0.10,100.0,100.0
2024/03/27,3.70,100.0,100.0
2024/03/28,1.70,100.0,100.0
2024/03/29,0.30,100.0,100.0
2024/03/30,0.00,100.0,100.0
2024/03/31,13.60,100.0,100.0
2024/04/01,13.70,100.0,100.0
2024/04/02,11.60,100.0,100.0
2024/04/03,1.20,100.0,100.0
2024/04/04,3.60,100.0,100.0
2024/04/05,6.50,100.0,100.0
2024/04/06,1.90,100.0,100.0
2024/04/07,0.00,100.0,100.0
2024/04/08,4.40,100.0,100.0
2024/04/09,1.50,100.0,100.0
2024/04/10,0.00,100.0,100.0
2024/04/11,0.00,100.0,100.0
2024/04/12,0.00,100.0,100.0
2024/04/13,0.00,100.0,100.0
2024/04/14,0.10,100.0,100.0
2024/04/15,0.00,100.0,100.0
2024/04/16,0.00,100.0,100.0
2024/04/17,0.10,100.0,100.0
2024/04/18,0.00,100.0,100.0
2024/04/19,20.40,100.0,100.0
2024/04/20,0.20,100.0,100.0
2024/04/21,16.10,100.0,100.0
2024/04/22,6.30,100.0,100.0
2024/04/23,11.90,100.0,100.0
2024/04/24,0.60,100.0,100.0
2024/04/25,0.70,100.0,100.0
2024/04/26,0.00,100.0,100.0
2024/04/27,6.10,100.0,100.0
2024/04/28,8.10,100.0,100.0
2024/04/29,4.70,100.0,100.0
2024/04/30,1.20,100.0,100.0
2024/05/01,0.50,100.0,100.0
2024/05/02,0.70,100.0,100.0
2024/05/03,0.00,100.0,100.0
2024/05/04,2.00,100.0,100.0
2024/05/05,24.00,100.0,100.0
2024/05/06,0.00,100.0,100.0
2024/05/07,1.10,100.0,100.0
2024/05/08,20.00,100.0,100.0
2024/05/09,0.00,100.0,100.0
2024/05/10,0.10,100.0,100.0
2024/05/11,0.00,100.0,100.0
2024/05/12,0.00,100.0,100.0
2024/05/13,0.00,100.0,100.0
2024/05/14,0.20,100.0,100.0
2024/05/15,0.40,100.0,100.0
2024/05/16,2.80,100.0,100.0
2024/05/17,0.00,100.0,100.0
2024/05/18,0.40,100.0,100.0
2024/05/19,3.10,100.0,100.0
2024/05/20,6.10,100.0,100.0
2024/05/21,1.20,100.0,100.0
2024/05/22,7.30,100.0,100.0
2024/05/23,5.50,100.0,100.0
2024/05/24,0.30,100.0,100.0
2024/05/25,1.60,100.0,100.0
2024/05/26,0.00,100.0,100.0
2024/05/27,3.60,100.0,100.0
2024/05/28,6.00,100.0,100.0
2024/05/29,5.50,100.0,100.0
2024/05/30,0.30,100.0,100.0
2024/05/31,0.00,100.0,100.0
2024/06/01,0.00,100.0,100.0
2024/06/02,0.00,100.0,100.0
2024/06/03,0.60,100.0,100.0
2024/06/04,7.30,100.0,100.0
2024/06/05,5.00,100.0,100.0
2024/06/06,12.80,100.0,100.0
2024/06/07,5.40,100.0,100.0
2024/06/08,0.20,100.0,100.0
2024/06/09,0.60,100.0,100.0
2024/06/10,1.50,100.0,100.0
2024/06/11,0.10,100.0,100.0
2024/06/12,2.30,100.0,100.0
2024/06/13,2.90,100.0,100.0
2024/06/14,4.50,100.0,100.0
2024/06/15,4.30,100.0,100.0
2024/06/16,18.50,100.0,100.0
2024/06/17,0.10,100.0,100.0
2024/06/18,2.30,100.0,100.0
2024/06/19,2.30,100.0,100.0
2024/06/20,0.90,100.0,100.0
2024/06/21,12.40,100.0,100.0
2024/06/22,1.20,100.0,100.0
2024/06/23,0.00,100.0,100.0
2024/06/24,3.00,100.0,100.0
2024/06/25,12.70,100.0,100.0
2024/06/26,2.20,100.0,100.0
2024/06/27,0.70,100.0,100.0
2024/06/28,0.10,100.0,100.0
2024/06/29,0.00,100.0,100.0
2024/06/30,1.10,100.0,100.0
2024/07/01,4.10,100.0,100.0
2024/07/02,23.90,100.0,100.0
2024/07/03,9.70,100.0,100.0
2024/07/04,0.70,100.0,100.0
2024/07/05,1.50,100.0,100.0
2024/07/06,25.90,100.0,100.0
2024/07/07,3.00,100.0,100.0
2024/07/08,0.00,100.0,100.0
2024/07/09,0.40,100.0,100.0
2024/07/10,0.10,100.0,100.0
2024/07/11,0.20,100.0,100.0
2024/07/12,1.40,100.0,100.0
2024/07/13,6.50,100.0,100.0
2024/07/14,0.30,100.0,100.0
2024/07/15,0.60,100.0,100.0
2024/07/16,0.00,100.0,100.0
2024/07/17,1.50,100.0,100.0
2024/07/18,4.10,100.0,100.0
2024/07/19,1.70,100.0,100.0
2024/07/20,0.50,100.0,100.0
2024/07/21,1.30,100.0,100.0
2024/07/22,0.80,100.0,100.0
2024/07/23,0.00,100.0,100.0
2024/07/24,0.00,100.0,100.0
2024/07/25,0.10,100.0,100.0
2024/07/26,0.10,100.0,100.0
2024/07/27,0.40,100.0,100.0
2024/07/28,0.40,100.0,100.0
2024/07/29,0.40,100.0,100.0
2024/07/30,1.10,100.0,100.0
2024/07/31,2.90,100.0,100.0
2024/08/01,0.00,100.0,100.0
2024/08/02,0.00,100.0,100.0
2024/08/03,0.00,100.0,100.0
2024/08/04,0.00,100.0,100.0
2024/08/05,1.90,100.0,100.0
2024/08/06,1.20,100.0,100.0
2024/08/07,0.20,100.0,100.0
2024/08/08,0.10,100.0,100.0
2024/08/09,7.50,100.0,100.0
2024/08/10,0.20,100.0,100.0
2024/08/11,0.00,100.0,100.0
2024/08/12,4.60,100.0,100.0
2024/08/13,0.70,100.0,100.0
2024/08/14,0.10,100.0,100.0
2024/08/15,2.60,100.0,100.0
2024/08/16,10.90,100.0,100.0
2024/08/17,0.00,100.0,100.0
2024/08/18,0.50,100.0,100.0
2024/08/19,0.40,100.0,100.0
2024/08/20,0.10,100.0,100.0
2024/08/21,0.90,100.0,100.0
2024/08/22,1.90,100.0,100.0
2024/08/23,7.70,100.0,100.0
2024/08/24,8.10,100.0,100.0
2024/08/25,0.30,100.0,100.0
2024/08/26,0.60,100.0,100.0
2024/08/27,0.10,100.0,100.0
2024/08/28,0.10,100.0,100.0
2024/08/29,0.00,100.0,100.0
2024/08/30,0.00,100.0,100.0
2024/08/31,0.00,100.0,100.0
2024/09/01,2.20,100.0,100.0
2024/09/02,2.20,100.0,100.0
2024/09/03,0.00,100.0,100.0
2024/09/04,0.00,100.0,100.0
2024/09/05,1.10,100.0,100.0
2024/09/06,3.70,100.0,100.0
2024/09/07,0.30,100.0,100.0
2024/09/08,2.70,100.0,100.0
2024/09/09,6.10,100.0,100.0
2024/09/10,0.00,100.0,100.0
2024/09/11,0.00,100.0,100.0
2024/09/12,0.10,100.0,100.0
2024/09/13,0.10,100.0,100.0
2024/09/14,0.00,100.0,100.0
2024/09/15,0.00,100.0,100.0
2024/09/16,2.30,100.0,100.0
2024/09/17,0.00,100.0,100.0
2024/09/18,0.00,100.0,100.0
2024/09/19,0.20,100.0,100.0
2024/09/20,0.00,100.0,100.0
2024/09/21,1.90,100.0,100.0
2024/09/22,6.80,100.0,100.0
2024/09/23,0.10,100.0,100.0
2024/09/24,0.00,100.0,100.0
2024/09/25,0.00,100.0,100.0
2024/09/26,0.10,100.0,100.0
2024/09/27,5.90,100.0,100.0
2024/09/28,9.20,100.0,100.0
2024/09/29,33.50,100.0,100.0
2024/09/30,2.50,100.0,100.0
2024/10/01,0.10,100.0,100.0
2024/10/02,1.80,100.0,100.0
2024/10/03,0.10,100.0,100.0
2024/10/04,0.00,100.0,100.0
2024/10/05,4.60,100.0,100.0
2024/10/06,0.10,100.0,100.0
2024/10/07,0.00,100.0,100.0
2024/10/08,0.00,100.0,100.0
2024/10/09,0.90,100.0,100.0
2024/10/10,2.60,100.0,100.0
2024/10/11,0.30,100.0,100.0
2024/10/12,0.40,100.0,100.0
2024/10/13,2.00,100.0,100.0
2024/10/14,0.70,100.0,100.0
2024/10/15,,76.0,75.0
2024/10/16,,,
2024/10/17,,,
2024/10/18,,,
2024/10/19,,,
2024/10/20,,,
2024/10/21,,,
2024/10/22,,,
2024/10/23,,,
2024/10/24,,,
2024/10/25,,,
2024/10/26,,,
2024/10/27,,,
2024/10/28,,,
2024/10/29,,,
2024/10/30,,,
2024/10/31,,,
2024/11/01,,,
2024/11/02,,,
2024/11/03,,,
2024/11/04,,,
2024/11/05,,,
2024/11/06,,,
2024/11/07,,,
2024/11/08,,,
2024/11/09,,,
2024/11/10,,,
2024/11/11,,,
2024/11/12,,,
2024/11/13,,,
2024/11/14,,,
2024/11/15,,,
2024/11/16,,,
2024/11/17,,,
2024/11/18,,,
2024/11/19,,,
2024/11/20,,,
2024/11/21,,,
2024/11/22,,,
2024/11/23,,,
2024/11/24,,,
2024/11/25,,,
2024/11/26,,,
2024/11/27,,,
2024/11/28,,,
2024/11/29,,,
2024/11/30,,,
2024/12/01,,,
2024/12/02,,,
2024/12/03,,,
2024/12/04,,,
2024/12/05,,,
2024/12/06,,,
2024/12/07,,,
2024/12/08,,,
2024/12/09,,,
2024/12/10,,,
2024/12/11,,,
2024/12/12,,,
2024/12/13,,,
2024/12/14,,,
2024/12/15,,,
2024/12/16,,,
2024/12/17,,,
2024/12/18,,,
2024/12/19,,,
2024/12/20,,,
2024/12/21,,,
2024/12/22,,,
2024/12/23,,,
2024/12/24,,,
2024/12/25,,,
2024/12/26,,,
2024/12/27,,,
2024/12/28,,,
2024/12/29,,,
2024/12/30,,,
2024/12/31,,,
2025/01/01,,,
2025/01/02,,,
2025/01/03,,,
2025/01/04,,,
2025/01/05,,,
2025/01/06,,,
2025/01/07,,,
2025/01/08,,,
2025/01/09,,,
2025/01/10,,,
2025/01/11,,,
2025/01/12,,,
2025/01/13,,,
2025/01/14,,,
2025/01/15,,,
2025/01/16,,,
2025/01/17,,,
2025/01/18,,,
2025/01/19,,,
2025/01/20,,,
2025/01/21,,,
2025/01/22,,,
2025/01/23,,,
2025/01/24,,,
2025/01/25,,,
2025/01/26,,,
2025/01/27,,,
2025/01/28,,,
2025/01/29,,,
2025/01/30,,,
2025/01/31,,,
2025/02/01,,,
2025/02/02,,,
2025/02/03,,,
2025/02/04,,,
2025/02/05,,,
2025/02/06,,,
2025/02/07,,,
2025/02/08,,,
2025/02/09,,,
2025/02/10,,,
2025/02/11,,,
2025/02/12,,,
2025/02/13,,,
2025/02/14,,,
2025/02/15,,,
2025/02/16,,,
2025/02/17,,,
2025/02/18,,,
2025/02/19,,,
2025/02/20,,,
2025/02/21,,,
2025/02/22,,,
2025/02/23,,,
2025/02/24,,,
2025/02/25,,,
2025/02/26,,,
2025/02/27,,,
2025/02/28,,,
2025/03/01,,,
2025/03/02,,,
2025/03/03,,,
2025/03/04,,,
2025/03/05,,,
2025/03/06,,,
2025/03/07,,,
2025/03/08,,,
2025/03/09,,,
2025/03/10,,,
2025/03/11,,,
2025/03/12,,,
2025/03/13,,,
2025/03/14,,,
2025/03/15,,,
2025/03/16,,,
2025/03/17,,,
2025/03/18,,,
2025/03/19,,,
2025/03/20,,,
2025/03/21,,,
2025/03/22,,,
2025/03/23,,,
2025/03/24,,,
2025/03/25,,,
2025/03/26,,,
2025/03/27,,,
2025/03/28,,,
2025/03/29,,,
2025/03/30,,,
2025/03/31,,,
2025/04/01,,,
2025/04/02,,,
2025/04/03,,,
2025/04/04,,,
2025/04/05,,,
2025/04/06,,,
2025/04/07,,,
2025/04/08,,,
2025/04/09,,,
2025/04/10,,,
2025/04/11,,,
2025/04/12,,,
2025/04/13,,,
2025/04/14,,,
2025/04/15,,,
2025/04/16,,,
2025/04/17,,,
2025/04/18,,,
2025/04/19,,,
2025/04/20,,,
2025/04/21,,,
2025/04/22,,,
2025/04/23,,,
2025/04/24,,,
2025/04/25,,,
2025/04/26,,,
2025/04/27,,,
2025/04/28,,,
2025/04/29,,,
2025/04/30,,,
2025/05/01,,,
2025/05/02,,,
2025/05/03,,,
2025/05/04,,,
2025/05/05,,,
2025/05/06,,,
2025/05/07,,,
2025/05/08,,,
2025/05/09,,,
2025/05/10,,,
2025/05/11,,,
2025/05/12,,,
2025/05/13,,,
2025/05/14,,,
2025/05/15,,,
2025/05/16,,,
2025/05/17,,,
2025/05/18,,,
2025/05/19,,,
2025/05/20,,,
2025/05/21,,,
2025/05/22,,,
2025/05/23,,,
2025/05/24,,,
2025/05/25,,,
2025/05/26,,,
2025/05/27,,,
2025/05/28,,,
2025/05/29,,,
2025/05/30,,,
2025/05/31,,,
2025/06/01,,,
2025/06/02,,,
2025/06/03,,,
2025/06/04,,,
2025/06/05,,,
2025/06/06,,,
2025/06/07,,,
2025/06/08,,,
2025/06/09,,,
2025/06/10,,,
2025/06/11,,,
2025/06/12,,,
2025/06/13,,,
2025/06/14,,,
2025/06/15,,,
2025/06/16,,,
2025/06/17,,,
2025/06/18,,,
2025/06/19,,,
2025/06/20,,,
2025/06/21,,,
2025/06/22,,,
2025/06/23,,,
2025/06/24,,,
2025/06/25,,,
2025/06/26,,,
2025/06/27,,,
2025/06/28,,,
2025/06/29,,,
